EmployeeID,TimeBucket,hour_of_day,query_count,rows_returned_sum,avg_execution_time,max_execution_time,sensitive_query_count,sensitive_ratio,unique_ip_count,failed_login_count
1,2025-12-27 20:00:00,20,1,163,1.0079336934562182,1.0079336934562182,0,0.0,0,0
1,2025-12-30 03:00:00,3,1,476,1.055220633770017,1.055220633770017,0,0.0,0,0
1,2025-12-31 19:00:00,19,1,135,1.3501948333776468,1.3501948333776468,0,0.0,0,0
1,2026-01-01 07:00:00,7,1,504,0.552405971449077,0.552405971449077,0,0.0,0,0
1,2026-01-01 08:00:00,8,1,32,0.9881000099163694,0.9881000099163694,0,0.0,0,0
1,2026-01-01 15:00:00,15,1,343,0.9777502993626194,0.9777502993626194,0,0.0,0,0
1,2026-01-02 07:00:00,7,1,518,0.929245364561819,0.929245364561819,0,0.0,0,0
1,2026-01-03 03:00:00,3,1,87,0.821934486289972,0.821934486289972,0,0.0,0,0
1,2026-01-04 13:00:00,13,1,3,0.1232896582075246,0.1232896582075246,0,0.0,0,0
1,2026-01-05 19:00:00,19,1,40,9.352456370937519,9.352456370937519,0,0.0,0,0
1,2026-01-05 22:00:00,22,1,497,1.4660247067715013,1.4660247067715013,0,0.0,0,0
1,2026-01-07 03:00:00,3,1,95,0.9574253377712756,0.9574253377712756,0,0.0,0,0
1,2026-01-08 01:00:00,1,1,143,0.4013091662991277,0.4013091662991277,0,0.0,0,0
1,2026-01-08 13:00:00,13,1,305,10.143319945805533,10.143319945805533,0,0.0,0,0
1,2026-01-09 09:00:00,9,1,722,0.19787596834238352,0.19787596834238352,0,0.0,0,0
1,2026-01-10 05:00:00,5,1,18,1.225803109046189,1.225803109046189,0,0.0,0,0
1,2026-01-10 19:00:00,19,1,367,1.4640926194337545,1.4640926194337545,0,0.0,0,0
1,2026-01-11 23:00:00,23,1,256,0.7751836796949078,0.7751836796949078,0,0.0,0,0
1,2026-01-15 01:00:00,1,1,408,1.1693030790074017,1.1693030790074017,0,0.0,0,0
1,2026-01-15 02:00:00,2,1,467,0.6439427575359122,0.6439427575359122,0,0.0,0,0
1,2026-01-15 05:00:00,5,1,557,9.295299000962874,9.295299000962874,0,0.0,0,0
1,2026-01-16 08:00:00,8,1,475,0.9863539633330165,0.9863539633330165,0,0.0,0,0
1,2026-01-16 21:00:00,21,1,193,0.4922954793155685,0.4922954793155685,0,0.0,0,0
1,2026-01-18 09:00:00,9,1,280,7.655489116773086,7.655489116773086,0,0.0,0,0
1,2026-01-19 13:00:00,13,1,98,0.2451612987416606,0.2451612987416606,0,0.0,0,0
1,2026-01-22 03:00:00,3,1,404,0.9272804621451287,0.9272804621451287,0,0.0,0,0
1,2026-01-22 13:00:00,13,1,170,1.3597562256397346,1.3597562256397346,0,0.0,0,0
1,2026-01-22 15:00:00,15,2,82,0.8832753232017039,1.474058505804349,0,0.0,0,0
1,2026-01-22 16:00:00,16,1,354,1.2195083905555244,1.2195083905555244,0,0.0,0,0
1,2026-01-26 10:00:00,10,1,159,0.1590334009926074,0.1590334009926074,0,0.0,1,0
2,2025-12-27 13:00:00,13,1,4,1.4699500863938328,1.4699500863938328,0,0.0,0,0
2,2025-12-27 14:00:00,14,1,462,1.371052889314651,1.371052889314651,0,0.0,0,0
2,2025-12-29 06:00:00,6,1,96,0.628499390732017,0.628499390732017,0,0.0,0,0
2,2025-12-29 11:00:00,11,1,7,0.7706572557851977,0.7706572557851977,0,0.0,0,0
2,2025-12-29 13:00:00,13,1,673,0.7073653249181272,0.7073653249181272,0,0.0,0,0
2,2025-12-29 15:00:00,15,1,612,1.2601291111730175,1.2601291111730175,0,0.0,0,0
2,2025-12-30 22:00:00,22,1,412,0.2590790195486088,0.2590790195486088,0,0.0,0,0
2,2026-01-01 00:00:00,0,1,210,0.37792516958211275,0.37792516958211275,0,0.0,0,0
2,2026-01-02 20:00:00,20,1,563,0.6905546719285327,0.6905546719285327,0,0.0,0,0
2,2026-01-04 01:00:00,1,1,755,1.443108386948973,1.443108386948973,0,0.0,0,0
2,2026-01-04 04:00:00,4,1,8,0.159665182683478,0.159665182683478,0,0.0,0,0
2,2026-01-07 15:00:00,15,1,148,1.4616381055309118,1.4616381055309118,0,0.0,0,0
2,2026-01-07 19:00:00,19,1,13,10.259502995498673,10.259502995498673,0,0.0,0,0
2,2026-01-08 22:00:00,22,1,577,1.0609794659788612,1.0609794659788612,0,0.0,0,0
2,2026-01-09 14:00:00,14,1,288,0.714802082104622,0.714802082104622,0,0.0,0,0
2,2026-01-12 07:00:00,7,1,76,0.4182277774401292,0.4182277774401292,0,0.0,0,0
2,2026-01-14 01:00:00,1,1,254,12.808126181198801,12.808126181198801,0,0.0,0,0
2,2026-01-14 07:00:00,7,1,29,0.5415770804957895,0.5415770804957895,0,0.0,0,0
2,2026-01-23 15:00:00,15,1,57,0.7222325639554662,0.7222325639554662,0,0.0,0,0
2,2026-01-23 16:00:00,16,1,53,7.080813893964013,7.080813893964013,0,0.0,0,0
2,2026-01-24 18:00:00,18,1,75,0.8780409059596731,0.8780409059596731,0,0.0,0,0
2,2026-01-25 18:00:00,18,1,392,1.1016252649234626,1.1016252649234626,0,0.0,0,0
2,2026-01-25 21:00:00,21,1,65,0.7803719237187525,0.7803719237187525,0,0.0,0,0
3,2025-12-27 13:00:00,13,1,57,0.18365475569383385,0.18365475569383385,0,0.0,0,0
3,2025-12-28 00:00:00,0,1,435,0.5694450488489412,0.5694450488489412,0,0.0,0,0
3,2025-12-30 02:00:00,2,2,280000,9850.0,10200.0,2,1.0,1,0
3,2026-01-01 22:00:00,22,1,524,1.1020946519381452,1.1020946519381452,0,0.0,0,0
3,2026-01-04 22:00:00,22,1,25,0.5616538137815007,0.5616538137815007,0,0.0,0,0
3,2026-01-05 02:00:00,2,1,240,0.8567569004702167,0.8567569004702167,0,0.0,0,0
3,2026-01-05 06:00:00,6,1,8,0.44461632415837005,0.44461632415837005,0,0.0,0,0
3,2026-01-05 20:00:00,20,1,288,0.4202299113504495,0.4202299113504495,0,0.0,0,0
3,2026-01-06 21:00:00,21,1,458,0.21588439766146594,0.21588439766146594,0,0.0,0,0
3,2026-01-07 22:00:00,22,1,433,13.44534654600277,13.44534654600277,0,0.0,0,0
3,2026-01-11 04:00:00,4,1,24,1.4787476786548595,1.4787476786548595,0,0.0,0,0
3,2026-01-13 00:00:00,0,1,656,0.2479387501432876,0.2479387501432876,0,0.0,0,0
3,2026-01-13 04:00:00,4,1,185,11.845039663537166,11.845039663537166,0,0.0,0,0
3,2026-01-13 09:00:00,9,1,12,0.4323958684316185,0.4323958684316185,0,0.0,0,0
3,2026-01-13 14:00:00,14,1,390,1.2190303981589352,1.2190303981589352,0,0.0,0,0
3,2026-01-16 20:00:00,20,1,4,0.6293131377012116,0.6293131377012116,0,0.0,0,0
3,2026-01-18 10:00:00,10,1,335,1.270068836295982,1.270068836295982,0,0.0,0,0
3,2026-01-20 01:00:00,1,1,447,0.7403959542860925,0.7403959542860925,0,0.0,0,0
3,2026-01-20 03:00:00,3,1,37,1.372493319805898,1.372493319805898,0,0.0,0,0
3,2026-01-20 17:00:00,17,1,367,1.2437339949958146,1.2437339949958146,0,0.0,0,0
3,2026-01-21 11:00:00,11,1,342,0.599011752572508,0.599011752572508,0,0.0,0,0
3,2026-01-22 22:00:00,22,1,282,9.485971139972413,9.485971139972413,0,0.0,0,0
3,2026-01-23 05:00:00,5,1,27,1.443051167047598,1.443051167047598,0,0.0,0,0
3,2026-01-23 18:00:00,18,1,2,0.9539082499224457,0.9539082499224457,0,0.0,0,0
3,2026-01-24 15:00:00,15,1,268,0.39296423562397664,0.39296423562397664,0,0.0,0,0
3,2026-01-25 19:00:00,19,1,252,0.6154633853248566,0.6154633853248566,0,0.0,0,0
3,2026-01-25 21:00:00,21,1,504,0.16626235148972623,0.16626235148972623,0,0.0,0,0
4,2025-12-28 22:00:00,22,1,681,1.1112765048436535,1.1112765048436535,0,0.0,0,0
4,2025-12-29 17:00:00,17,2,499,0.29319146665467277,0.47875916420040376,0,0.0,0,0
4,2026-01-01 12:00:00,12,1,190,7.759171675980713,7.759171675980713,0,0.0,0,0
4,2026-01-02 01:00:00,1,1,661,0.2721212526859854,0.2721212526859854,0,0.0,0,0
4,2026-01-02 11:00:00,11,1,281,1.2500292821109946,1.2500292821109946,0,0.0,0,0
4,2026-01-05 19:00:00,19,1,14,0.4650775836635882,0.4650775836635882,0,0.0,0,0
4,2026-01-08 23:00:00,23,1,187,0.9324085469186032,0.9324085469186032,0,0.0,0,0
4,2026-01-10 12:00:00,12,1,221,1.4480857555037552,1.4480857555037552,0,0.0,0,0
4,2026-01-10 14:00:00,14,1,159,1.392528541191831,1.392528541191831,0,0.0,0,0
4,2026-01-10 17:00:00,17,1,274,0.8194829701993932,0.8194829701993932,0,0.0,0,0
4,2026-01-11 01:00:00,1,1,58,1.2220756794552734,1.2220756794552734,0,0.0,0,0
4,2026-01-12 01:00:00,1,1,51,12.674690395813446,12.674690395813446,0,0.0,0,0
4,2026-01-12 09:00:00,9,1,70,1.0838722042606759,1.0838722042606759,0,0.0,0,0
4,2026-01-12 18:00:00,18,1,321,0.7015371756555974,0.7015371756555974,0,0.0,0,0
4,2026-01-16 19:00:00,19,1,211,0.4341606761483622,0.4341606761483622,0,0.0,0,0
4,2026-01-17 06:00:00,6,1,704,0.9967300903935024,0.9967300903935024,0,0.0,0,0
4,2026-01-17 09:00:00,9,1,438,5.082881017029108,5.082881017029108,0,0.0,0,0
4,2026-01-17 18:00:00,18,1,75,0.5106692671713181,0.5106692671713181,0,0.0,0,0
4,2026-01-19 11:00:00,11,1,69,9.150735388136262,9.150735388136262,0,0.0,0,0
4,2026-01-20 11:00:00,11,1,211,0.6720800460139026,0.6720800460139026,0,0.0,0,0
4,2026-01-21 15:00:00,15,1,305,0.7121692667543533,0.7121692667543533,0,0.0,0,0
4,2026-01-22 08:00:00,8,1,596,0.8776308522101117,0.8776308522101117,0,0.0,0,0
4,2026-01-22 10:00:00,10,1,656,0.36181842202278536,0.36181842202278536,0,0.0,0,0
4,2026-01-26 05:00:00,5,1,356,1.4347951167260575,1.4347951167260575,0,0.0,0,0
5,2025-12-28 04:00:00,4,1,246,0.3347402255262882,0.3347402255262882,0,0.0,0,0
5,2025-12-28 07:00:00,7,1,273,0.7864914809990763,0.7864914809990763,0,0.0,0,0
5,2025-12-28 15:00:00,15,1,163,0.9868717631697366,0.9868717631697366,0,0.0,0,0
5,2025-12-31 08:00:00,8,1,226,0.4552768650363368,0.4552768650363368,0,0.0,0,0
5,2026-01-02 10:00:00,10,1,24,1.3967294763436524,1.3967294763436524,0,0.0,0,0
5,2026-01-02 11:00:00,11,1,180,0.791087814962101,0.791087814962101,0,0.0,0,0
5,2026-01-05 10:00:00,10,1,105,0.5008791818660059,0.5008791818660059,0,0.0,0,0
5,2026-01-06 03:00:00,3,1,292,0.9217070721370263,0.9217070721370263,0,0.0,0,0
5,2026-01-06 16:00:00,16,1,8,1.3242778917363853,1.3242778917363853,0,0.0,0,0
5,2026-01-08 05:00:00,5,1,121,0.2529018062295628,0.2529018062295628,0,0.0,0,0
5,2026-01-09 17:00:00,17,1,255,0.6765845971217159,0.6765845971217159,0,0.0,0,0
5,2026-01-09 23:00:00,23,1,2,0.4507877514507276,0.4507877514507276,0,0.0,0,0
5,2026-01-10 06:00:00,6,1,565,1.1867378865109561,1.1867378865109561,0,0.0,0,0
5,2026-01-10 23:00:00,23,1,369,0.31139670850478374,0.31139670850478374,0,0.0,0,0
5,2026-01-11 14:00:00,14,1,493,1.2413664462058351,1.2413664462058351,0,0.0,0,0
5,2026-01-14 06:00:00,6,1,354,0.7106024901476172,0.7106024901476172,0,0.0,0,0
5,2026-01-14 21:00:00,21,1,14,14.064772460906877,14.064772460906877,0,0.0,0,0
5,2026-01-15 08:00:00,8,1,304,1.405465506389052,1.405465506389052,0,0.0,0,0
5,2026-01-15 16:00:00,16,1,83,1.4461372062516362,1.4461372062516362,0,0.0,0,0
5,2026-01-18 05:00:00,5,1,728,0.7966484280074079,0.7966484280074079,0,0.0,0,0
5,2026-01-18 13:00:00,13,1,597,6.767376995521764,6.767376995521764,0,0.0,0,0
5,2026-01-19 23:00:00,23,1,230,0.3473971084401145,0.3473971084401145,0,0.0,0,0
5,2026-01-20 08:00:00,8,1,248,1.3955052660728844,1.3955052660728844,0,0.0,0,0
5,2026-01-21 00:00:00,0,1,47,1.4711117229277457,1.4711117229277457,0,0.0,0,0
5,2026-01-22 04:00:00,4,1,531,1.0824697348707224,1.0824697348707224,0,0.0,0,0
5,2026-01-22 06:00:00,6,1,507,1.2190961286288269,1.2190961286288269,0,0.0,0,0
5,2026-01-22 07:00:00,7,1,73,0.35394247418326874,0.35394247418326874,0,0.0,0,0
5,2026-01-23 14:00:00,14,1,368,0.21773698944013273,0.21773698944013273,0,0.0,0,0
6,2025-12-27 21:00:00,21,1,69,1.2976683018343784,1.2976683018343784,0,0.0,0,0
6,2025-12-28 01:00:00,1,1,78,1.3229225031033223,1.3229225031033223,0,0.0,0,0
6,2025-12-29 02:00:00,2,1,24,0.1719857220922174,0.1719857220922174,0,0.0,0,0
6,2025-12-30 23:00:00,23,1,211,0.8757559828674923,0.8757559828674923,0,0.0,0,0
6,2026-01-01 22:00:00,22,1,434,1.4537783726682785,1.4537783726682785,0,0.0,0,0
6,2026-01-03 04:00:00,4,1,179,1.3752117836624673,1.3752117836624673,0,0.0,0,0
6,2026-01-04 10:00:00,10,1,237,1.3635398557069174,1.3635398557069174,0,0.0,0,0
6,2026-01-05 03:00:00,3,1,76,0.4755525005192942,0.4755525005192942,0,0.0,0,0
6,2026-01-05 09:00:00,9,1,452,0.2218303534139342,0.2218303534139342,0,0.0,0,0
6,2026-01-09 04:00:00,4,1,146,0.5120963910532891,0.5120963910532891,0,0.0,0,0
6,2026-01-09 18:00:00,18,1,40,0.1870353846209189,0.1870353846209189,0,0.0,0,0
6,2026-01-13 01:00:00,1,1,43,0.6217627077862649,0.6217627077862649,0,0.0,0,0
6,2026-01-13 20:00:00,20,1,190,1.152466643159028,1.152466643159028,0,0.0,0,0
6,2026-01-14 07:00:00,7,1,153,9.668837269596807,9.668837269596807,0,0.0,0,0
6,2026-01-17 14:00:00,14,1,570,0.1862060497166474,0.1862060497166474,0,0.0,0,0
6,2026-01-18 11:00:00,11,1,83,5.01327292973464,5.01327292973464,0,0.0,0,0
6,2026-01-20 23:00:00,23,1,271,0.4382548230285471,0.4382548230285471,0,0.0,0,0
6,2026-01-21 14:00:00,14,1,110,1.1797848159572826,1.1797848159572826,0,0.0,0,0
6,2026-01-25 18:00:00,18,1,921,0.33545115190443964,0.33545115190443964,0,0.0,0,0
7,2025-12-27 15:00:00,15,1,264,0.6911229241292879,0.6911229241292879,0,0.0,0,0
7,2025-12-28 03:00:00,3,1,473,1.1151789065430833,1.1151789065430833,0,0.0,0,0
7,2025-12-28 13:00:00,13,1,76,0.5663731959858714,0.5663731959858714,0,0.0,0,0
7,2025-12-29 06:00:00,6,1,406,0.3108970302350027,0.3108970302350027,0,0.0,0,0
7,2025-12-29 17:00:00,17,1,473,0.6673836788408876,0.6673836788408876,0,0.0,0,0
7,2025-12-29 22:00:00,22,1,9,0.7988863550625999,0.7988863550625999,0,0.0,0,0
7,2025-12-31 11:00:00,11,1,150,7.065580317507001,7.065580317507001,0,0.0,0,0
7,2026-01-01 01:00:00,1,1,79,9.825925631523003,9.825925631523003,0,0.0,0,0
7,2026-01-01 06:00:00,6,1,880,0.5606632483192993,0.5606632483192993,0,0.0,0,0
7,2026-01-01 15:00:00,15,1,818,6.298335001158513,6.298335001158513,0,0.0,0,0
7,2026-01-04 00:00:00,0,1,40,1.1818803083923854,1.1818803083923854,0,0.0,0,0
7,2026-01-05 02:00:00,2,1,137,12.457518762050013,12.457518762050013,0,0.0,0,0
7,2026-01-06 07:00:00,7,1,151,0.9856350295187952,0.9856350295187952,0,0.0,0,0
7,2026-01-06 21:00:00,21,1,95,0.5925817087982422,0.5925817087982422,0,0.0,0,0
7,2026-01-07 08:00:00,8,1,208,0.9285298920886865,0.9285298920886865,0,0.0,0,0
7,2026-01-08 12:00:00,12,1,461,0.7487612531128784,0.7487612531128784,0,0.0,0,0
7,2026-01-11 06:00:00,6,1,75,0.959160257180847,0.959160257180847,0,0.0,0,0
7,2026-01-12 14:00:00,14,1,411,0.12055987482084676,0.12055987482084676,0,0.0,0,0
7,2026-01-14 16:00:00,16,1,328,1.0240690390958858,1.0240690390958858,0,0.0,0,0
7,2026-01-18 01:00:00,1,1,299,0.3658409850825556,0.3658409850825556,0,0.0,0,0
7,2026-01-20 01:00:00,1,1,114,0.22738820260044265,0.22738820260044265,0,0.0,0,0
7,2026-01-21 09:00:00,9,1,246,8.372669787934736,8.372669787934736,0,0.0,0,0
7,2026-01-24 14:00:00,14,2,522,0.847952587193164,1.3482668718832205,0,0.0,0,0
7,2026-01-24 17:00:00,17,1,149,6.582659406371082,6.582659406371082,0,0.0,0,0
8,2025-12-28 13:00:00,13,1,71,0.6431445802237693,0.6431445802237693,0,0.0,0,0
8,2025-12-28 16:00:00,16,1,253,0.32277035087404193,0.32277035087404193,0,0.0,0,0
8,2025-12-29 00:00:00,0,1,135,7.194521680777743,7.194521680777743,0,0.0,0,0
8,2026-01-01 20:00:00,20,1,41,0.5352358790241976,0.5352358790241976,0,0.0,0,0
8,2026-01-02 03:00:00,3,1,410,1.3770647435175816,1.3770647435175816,0,0.0,0,0
8,2026-01-05 14:00:00,14,1,119,1.2263525617698676,1.2263525617698676,0,0.0,0,0
8,2026-01-08 04:00:00,4,1,64,0.2979942370373781,0.2979942370373781,0,0.0,0,0
8,2026-01-08 06:00:00,6,1,813,7.696268581548641,7.696268581548641,0,0.0,0,0
8,2026-01-08 19:00:00,19,1,51,0.868473707494992,0.868473707494992,0,0.0,0,0
8,2026-01-10 11:00:00,11,1,260,1.233099824397149,1.233099824397149,0,0.0,0,0
8,2026-01-11 06:00:00,6,1,371,0.8972687722088439,0.8972687722088439,0,0.0,0,0
8,2026-01-11 14:00:00,14,1,69,6.003750473156089,6.003750473156089,0,0.0,0,0
8,2026-01-12 10:00:00,10,1,633,1.0159779193676344,1.0159779193676344,0,0.0,0,0
8,2026-01-14 16:00:00,16,1,588,1.0230326739328688,1.0230326739328688,0,0.0,0,0
8,2026-01-14 23:00:00,23,1,616,1.4721163192177975,1.4721163192177975,0,0.0,0,0
8,2026-01-15 18:00:00,18,1,362,0.6364426254683015,0.6364426254683015,0,0.0,0,0
8,2026-01-17 09:00:00,9,1,378,0.1131333856716673,0.1131333856716673,0,0.0,0,0
8,2026-01-18 14:00:00,14,1,142,1.1384763457989524,1.1384763457989524,0,0.0,0,0
8,2026-01-20 08:00:00,8,1,121,0.64795872643469,0.64795872643469,0,0.0,0,0
8,2026-01-20 12:00:00,12,1,73,0.34780429889034536,0.34780429889034536,0,0.0,0,0
8,2026-01-23 08:00:00,8,2,620,0.9180206456623093,0.9943190150108064,0,0.0,0,0
8,2026-01-24 16:00:00,16,1,6,1.4328597929103037,1.4328597929103037,0,0.0,0,0
8,2026-01-24 19:00:00,19,1,35,0.894187819691065,0.894187819691065,0,0.0,0,0
8,2026-01-26 12:00:00,12,1,648,0.5827881643830642,0.5827881643830642,0,0.0,0,0
9,2025-12-28 16:00:00,16,1,329,5.297742779492507,5.297742779492507,0,0.0,0,0
9,2026-01-01 22:00:00,22,1,732,1.0823617483922396,1.0823617483922396,0,0.0,0,0
9,2026-01-03 23:00:00,23,1,385,0.5629643841653119,0.5629643841653119,0,0.0,0,0
9,2026-01-04 03:00:00,3,1,650,0.4610807665568952,0.4610807665568952,0,0.0,0,0
9,2026-01-04 13:00:00,13,1,91,0.8418577217546671,0.8418577217546671,0,0.0,0,0
9,2026-01-05 02:00:00,2,1,279,0.27734402993783036,0.27734402993783036,0,0.0,0,0
9,2026-01-05 23:00:00,23,1,169,0.4179015685345697,0.4179015685345697,0,0.0,0,0
9,2026-01-07 03:00:00,3,1,564,0.15949969360293592,0.15949969360293592,0,0.0,0,0
9,2026-01-07 17:00:00,17,1,82,0.6261485443358203,0.6261485443358203,0,0.0,0,0
9,2026-01-09 20:00:00,20,1,497,1.0942049407996302,1.0942049407996302,0,0.0,0,0
9,2026-01-10 05:00:00,5,1,71,8.444470922289362,8.444470922289362,0,0.0,0,0
9,2026-01-10 08:00:00,8,1,429,0.8157708801853031,0.8157708801853031,0,0.0,0,0
9,2026-01-12 14:00:00,14,1,5,0.8031931691787392,0.8031931691787392,0,0.0,0,0
9,2026-01-14 13:00:00,13,1,9,1.3367435878006675,1.3367435878006675,0,0.0,0,0
9,2026-01-16 22:00:00,22,1,946,1.4281695667877956,1.4281695667877956,0,0.0,1,1
9,2026-01-17 09:00:00,9,1,314,5.150872790724209,5.150872790724209,0,0.0,0,0
9,2026-01-18 03:00:00,3,1,35,0.5025476804969848,0.5025476804969848,0,0.0,0,0
9,2026-01-18 20:00:00,20,1,976,0.16601370554781283,0.16601370554781283,0,0.0,0,0
9,2026-01-20 08:00:00,8,1,468,1.190692861072285,1.190692861072285,0,0.0,0,0
9,2026-01-20 12:00:00,12,1,30,0.14257214771632476,0.14257214771632476,0,0.0,0,0
9,2026-01-23 13:00:00,13,1,222,0.5608354493364762,0.5608354493364762,0,0.0,0,0
9,2026-01-24 11:00:00,11,1,16,0.42948806459712185,0.42948806459712185,0,0.0,0,0
9,2026-01-25 06:00:00,6,1,64,1.4649516377185674,1.4649516377185674,0,0.0,0,0
9,2026-01-25 17:00:00,17,1,155,14.78536068892607,14.78536068892607,0,0.0,0,0
10,2025-12-28 08:00:00,8,1,214,1.458006482521313,1.458006482521313,0,0.0,0,0
10,2025-12-28 11:00:00,11,1,68,0.982592808210391,0.982592808210391,0,0.0,0,0
10,2025-12-28 16:00:00,16,1,309,1.3758896967500678,1.3758896967500678,0,0.0,0,0
10,2025-12-29 18:00:00,18,1,78,5.050711033663235,5.050711033663235,0,0.0,1,0
10,2025-12-30 16:00:00,16,1,35,0.4832086461842223,0.4832086461842223,0,0.0,0,0
10,2025-12-31 14:00:00,14,1,294,1.2367032362842734,1.2367032362842734,0,0.0,0,0
10,2025-12-31 16:00:00,16,1,120,0.3575536043831541,0.3575536043831541,0,0.0,0,0
10,2026-01-02 02:00:00,2,1,20,0.4359729961201162,0.4359729961201162,0,0.0,0,0
10,2026-01-02 20:00:00,20,1,7,1.382170231175986,1.382170231175986,0,0.0,0,0
10,2026-01-04 04:00:00,4,1,29,5.840408289110766,5.840408289110766,0,0.0,0,0
10,2026-01-06 19:00:00,19,2,332,0.7743145431018843,0.8326622231727522,0,0.0,0,0
10,2026-01-06 22:00:00,22,1,112,0.3734229325827746,0.3734229325827746,0,0.0,0,0
10,2026-01-09 01:00:00,1,1,43,0.8333286327891243,0.8333286327891243,0,0.0,0,0
10,2026-01-11 09:00:00,9,1,313,0.7108496701104842,0.7108496701104842,0,0.0,0,0
10,2026-01-12 19:00:00,19,1,442,0.8629751909793036,0.8629751909793036,0,0.0,0,0
10,2026-01-14 19:00:00,19,1,248,0.8180726264447817,0.8180726264447817,0,0.0,0,0
10,2026-01-15 12:00:00,12,1,245,0.4141118991711955,0.4141118991711955,0,0.0,0,0
10,2026-01-17 00:00:00,0,1,201,1.41491364620938,1.41491364620938,0,0.0,0,0
10,2026-01-17 06:00:00,6,1,277,0.6867359570645019,0.6867359570645019,0,0.0,0,0
10,2026-01-20 19:00:00,19,1,422,1.2383333576741389,1.2383333576741389,0,0.0,0,0
10,2026-01-21 17:00:00,17,1,624,0.13375847927965906,0.13375847927965906,0,0.0,0,0
10,2026-01-22 02:00:00,2,1,694,1.372524308158247,1.372524308158247,0,0.0,0,0
10,2026-01-22 18:00:00,18,1,838,0.7035955927456277,0.7035955927456277,0,0.0,0,0
11,2025-12-28 14:00:00,14,1,390,0.7239476819329873,0.7239476819329873,0,0.0,0,0
11,2025-12-29 05:00:00,5,1,238,0.2941373085535012,0.2941373085535012,0,0.0,0,0
11,2025-12-29 19:00:00,19,1,206,1.495481998762847,1.495481998762847,0,0.0,1,0
11,2026-01-04 01:00:00,1,1,2,0.2075031435619314,0.2075031435619314,0,0.0,0,0
11,2026-01-04 05:00:00,5,1,225,1.0691906077454305,1.0691906077454305,0,0.0,0,0
11,2026-01-04 17:00:00,17,2,289,0.40998406080355515,0.5732865801326051,0,0.0,0,0
11,2026-01-06 10:00:00,10,1,246,0.8225027444120607,0.8225027444120607,0,0.0,0,0
11,2026-01-06 16:00:00,16,1,70,1.2306346857632793,1.2306346857632793,0,0.0,0,0
11,2026-01-08 12:00:00,12,1,18,1.2970874228851847,1.2970874228851847,0,0.0,0,0
11,2026-01-08 15:00:00,15,1,377,0.21236553475655204,0.21236553475655204,0,0.0,0,0
11,2026-01-10 02:00:00,2,1,687,1.2808251783863216,1.2808251783863216,0,0.0,0,0
11,2026-01-10 03:00:00,3,1,122,0.7153804538508326,0.7153804538508326,0,0.0,0,0
11,2026-01-11 00:00:00,0,1,596,0.64079286899773,0.64079286899773,0,0.0,0,0
11,2026-01-14 05:00:00,5,1,263,0.2254140819564888,0.2254140819564888,0,0.0,0,0
11,2026-01-16 05:00:00,5,2,243,0.7527284845375658,1.2894436112153864,0,0.0,0,0
11,2026-01-16 08:00:00,8,1,20,0.6399764138188366,0.6399764138188366,0,0.0,0,0
11,2026-01-18 03:00:00,3,1,874,0.9026921269952896,0.9026921269952896,0,0.0,0,0
11,2026-01-19 13:00:00,13,1,398,1.057001898551213,1.057001898551213,0,0.0,0,0
11,2026-01-20 10:00:00,10,1,383,1.0027443289991638,1.0027443289991638,0,0.0,0,0
12,2026-01-01 00:00:00,0,1,95,0.41345187111905146,0.41345187111905146,0,0.0,0,0
12,2026-01-01 16:00:00,16,1,259,0.6059867981730834,0.6059867981730834,0,0.0,0,0
12,2026-01-05 10:00:00,10,1,376,1.3385656601106137,1.3385656601106137,0,0.0,0,0
12,2026-01-07 19:00:00,19,1,187,0.5804887757335843,0.5804887757335843,0,0.0,0,0
12,2026-01-09 04:00:00,4,1,21,1.164836698302253,1.164836698302253,0,0.0,0,0
12,2026-01-09 05:00:00,5,1,93,1.134643603566018,1.134643603566018,0,0.0,0,0
12,2026-01-14 02:00:00,2,1,19,0.556627095129317,0.556627095129317,0,0.0,0,0
12,2026-01-14 12:00:00,12,1,31,1.3570707847487806,1.3570707847487806,0,0.0,0,0
12,2026-01-15 17:00:00,17,1,574,0.793498936917636,0.793498936917636,0,0.0,0,0
12,2026-01-15 18:00:00,18,1,102,0.2816688791442158,0.2816688791442158,0,0.0,0,0
12,2026-01-15 20:00:00,20,1,219,1.3365388280293944,1.3365388280293944,0,0.0,0,0
12,2026-01-16 06:00:00,6,1,4,0.6245138536270509,0.6245138536270509,0,0.0,0,0
12,2026-01-20 17:00:00,17,1,14,0.13675033120581356,0.13675033120581356,0,0.0,0,0
12,2026-01-21 23:00:00,23,1,415,1.0227064846233875,1.0227064846233875,0,0.0,0,0
12,2026-01-22 14:00:00,14,1,124,0.9942473173871175,0.9942473173871175,0,0.0,0,0
12,2026-01-22 18:00:00,18,1,190,0.34837915062648706,0.34837915062648706,0,0.0,0,0
12,2026-01-23 15:00:00,15,1,107,1.2551091111571462,1.2551091111571462,0,0.0,0,0
12,2026-01-23 17:00:00,17,1,458,0.267153680361245,0.267153680361245,0,0.0,0,0
12,2026-01-24 02:00:00,2,1,189,1.0390790612117877,1.0390790612117877,0,0.0,0,0
13,2025-12-28 07:00:00,7,1,134,0.8312123504362167,0.8312123504362167,0,0.0,1,0
13,2025-12-28 16:00:00,16,1,583,0.9196411141126649,0.9196411141126649,0,0.0,0,0
13,2025-12-28 19:00:00,19,1,52,0.15424060513683072,0.15424060513683072,0,0.0,0,0
13,2025-12-29 18:00:00,18,1,347,0.5917683216481057,0.5917683216481057,0,0.0,0,0
13,2025-12-30 13:00:00,13,1,37,11.24764381085176,11.24764381085176,0,0.0,0,0
13,2025-12-31 02:00:00,2,1,535,0.5579203166951657,0.5579203166951657,0,0.0,0,0
13,2025-12-31 03:00:00,3,1,118,0.8703266670125568,0.8703266670125568,0,0.0,0,0
13,2025-12-31 12:00:00,12,1,473,0.5538176570319197,0.5538176570319197,0,0.0,0,0
13,2025-12-31 18:00:00,18,1,595,5.345195378347039,5.345195378347039,0,0.0,0,0
13,2026-01-01 07:00:00,7,1,260,1.4922185405297919,1.4922185405297919,0,0.0,0,0
13,2026-01-04 12:00:00,12,1,258,0.4426318942327875,0.4426318942327875,0,0.0,0,0
13,2026-01-06 00:00:00,0,1,546,0.9404481917761705,0.9404481917761705,0,0.0,0,0
13,2026-01-07 11:00:00,11,1,268,1.2622865890510755,1.2622865890510755,0,0.0,0,0
13,2026-01-12 12:00:00,12,1,591,1.1039931512342729,1.1039931512342729,0,0.0,0,0
13,2026-01-13 01:00:00,1,1,38,0.32992674894358254,0.32992674894358254,0,0.0,0,0
13,2026-01-13 10:00:00,10,1,747,11.21365302994374,11.21365302994374,0,0.0,0,0
13,2026-01-14 09:00:00,9,1,35,0.4566039620576129,0.4566039620576129,0,0.0,0,0
13,2026-01-14 22:00:00,22,1,46,0.4536695641073284,0.4536695641073284,0,0.0,0,0
13,2026-01-15 23:00:00,23,1,224,1.4587417973570527,1.4587417973570527,0,0.0,0,0
13,2026-01-16 11:00:00,11,1,859,8.354376819844338,8.354376819844338,0,0.0,0,0
13,2026-01-18 15:00:00,15,1,386,1.075193759215539,1.075193759215539,0,0.0,0,0
13,2026-01-19 11:00:00,11,1,206,0.3631511666955022,0.3631511666955022,0,0.0,0,0
13,2026-01-20 01:00:00,1,1,444,1.19732785342963,1.19732785342963,0,0.0,0,0
13,2026-01-20 08:00:00,8,1,6,0.3661729187656104,0.3661729187656104,0,0.0,0,0
13,2026-01-20 19:00:00,19,1,47,1.0702222261915828,1.0702222261915828,0,0.0,0,0
13,2026-01-24 11:00:00,11,1,120,1.2570552541918936,1.2570552541918936,0,0.0,0,0
13,2026-01-24 19:00:00,19,1,338,1.3819913294149857,1.3819913294149857,0,0.0,0,0
13,2026-01-24 21:00:00,21,1,271,0.20463363459296108,0.20463363459296108,0,0.0,0,0
13,2026-01-25 04:00:00,4,1,377,1.233357487923642,1.233357487923642,0,0.0,0,0
13,2026-01-25 11:00:00,11,1,772,1.1158354626057752,1.1158354626057752,0,0.0,0,0
13,2026-01-25 18:00:00,18,1,141,0.6781196405148038,0.6781196405148038,0,0.0,0,0
14,2025-12-29 00:00:00,0,1,408,0.1659557947497336,0.1659557947497336,0,0.0,1,1
14,2025-12-29 11:00:00,11,1,281,0.40282973585979287,0.40282973585979287,0,0.0,0,0
14,2025-12-30 23:00:00,23,1,510,1.2107968739004664,1.2107968739004664,0,0.0,0,0
14,2025-12-31 00:00:00,0,1,8,1.4023241132463826,1.4023241132463826,0,0.0,0,0
14,2025-12-31 09:00:00,9,1,294,1.4763904062707294,1.4763904062707294,0,0.0,0,0
14,2026-01-03 23:00:00,23,1,101,0.3158737679753859,0.3158737679753859,0,0.0,0,0
14,2026-01-04 04:00:00,4,1,331,0.19078278383925226,0.19078278383925226,0,0.0,0,0
14,2026-01-04 06:00:00,6,1,63,1.312069293177036,1.312069293177036,0,0.0,0,0
14,2026-01-04 07:00:00,7,1,46,10.534010549363332,10.534010549363332,0,0.0,0,0
14,2026-01-06 04:00:00,4,1,212,0.9594638262199862,0.9594638262199862,0,0.0,0,0
14,2026-01-08 08:00:00,8,1,444,1.0581166963637512,1.0581166963637512,0,0.0,0,0
14,2026-01-09 09:00:00,9,1,71,1.3833838260189348,1.3833838260189348,0,0.0,0,0
14,2026-01-10 15:00:00,15,1,128,0.3852694254778395,0.3852694254778395,0,0.0,0,0
14,2026-01-10 20:00:00,20,1,51,0.46297245510273,0.46297245510273,0,0.0,0,0
14,2026-01-11 02:00:00,2,1,10,0.34103785602724523,0.34103785602724523,0,0.0,0,0
14,2026-01-12 17:00:00,17,1,98,0.493496942239661,0.493496942239661,0,0.0,0,0
14,2026-01-13 01:00:00,1,1,8,8.19474502648718,8.19474502648718,0,0.0,0,0
14,2026-01-15 23:00:00,23,1,837,1.4446620358330784,1.4446620358330784,0,0.0,0,0
14,2026-01-16 09:00:00,9,1,386,0.9731077579149843,0.9731077579149843,0,0.0,1,0
14,2026-01-16 11:00:00,11,1,275,0.6664776149120387,0.6664776149120387,0,0.0,0,0
14,2026-01-19 10:00:00,10,1,88,0.7139759980083055,0.7139759980083055,0,0.0,0,0
14,2026-01-19 15:00:00,15,1,220,0.6868348898966122,0.6868348898966122,0,0.0,0,0
14,2026-01-19 20:00:00,20,2,306,0.49018517974359205,0.6944369055503706,0,0.0,0,0
14,2026-01-25 10:00:00,10,1,437,0.6117842539210068,0.6117842539210068,0,0.0,0,0
15,2025-12-28 04:00:00,4,1,123,1.288160577396448,1.288160577396448,0,0.0,0,0
15,2025-12-29 09:00:00,9,1,197,1.3673611050568355,1.3673611050568355,0,0.0,1,0
15,2025-12-29 12:00:00,12,1,270,0.4200698464611552,0.4200698464611552,0,0.0,0,0
15,2025-12-30 00:00:00,0,1,698,7.471956880173115,7.471956880173115,0,0.0,0,0
15,2025-12-30 19:00:00,19,1,483,0.20765769869506154,0.20765769869506154,0,0.0,0,0
15,2025-12-31 10:00:00,10,1,11,1.4235887831381293,1.4235887831381293,0,0.0,0,0
15,2026-01-01 07:00:00,7,1,57,0.12118551394858389,0.12118551394858389,0,0.0,0,0
15,2026-01-01 16:00:00,16,1,163,1.1946122334705174,1.1946122334705174,0,0.0,0,0
15,2026-01-02 19:00:00,19,1,36,11.471984390945698,11.471984390945698,0,0.0,0,0
15,2026-01-03 18:00:00,18,1,436,0.4704652629096998,0.4704652629096998,0,0.0,0,0
15,2026-01-06 21:00:00,21,1,53,0.38413574513841175,0.38413574513841175,0,0.0,0,0
15,2026-01-08 01:00:00,1,1,372,0.8713689800361927,0.8713689800361927,0,0.0,0,0
15,2026-01-09 18:00:00,18,1,617,5.602566642127566,5.602566642127566,0,0.0,0,0
15,2026-01-11 00:00:00,0,1,199,0.1697635435074904,0.1697635435074904,0,0.0,0,0
15,2026-01-11 07:00:00,7,1,469,0.20076403378020546,0.20076403378020546,0,0.0,0,0
15,2026-01-11 12:00:00,12,1,491,0.4047139078574411,0.4047139078574411,0,0.0,0,0
15,2026-01-12 15:00:00,15,1,228,1.2867079318665684,1.2867079318665684,0,0.0,0,0
15,2026-01-12 18:00:00,18,2,130,4.187736191512175,7.233773117002769,0,0.0,0,0
15,2026-01-14 05:00:00,5,1,633,0.3383305466844236,0.3383305466844236,0,0.0,0,0
15,2026-01-15 20:00:00,20,1,210,0.6552258129157754,0.6552258129157754,0,0.0,0,0
15,2026-01-16 17:00:00,17,1,126,6.554917636350948,6.554917636350948,0,0.0,0,0
15,2026-01-18 23:00:00,23,1,71,0.3468794276101841,0.3468794276101841,0,0.0,0,0
15,2026-01-20 15:00:00,15,1,177,1.4355890629648165,1.4355890629648165,0,0.0,0,0
15,2026-01-21 02:00:00,2,1,254,0.5125713753535082,0.5125713753535082,0,0.0,0,0
15,2026-01-23 11:00:00,11,1,7,0.45266360871932554,0.45266360871932554,0,0.0,0,0
15,2026-01-25 11:00:00,11,1,177,0.8191797635380567,0.8191797635380567,0,0.0,0,0
15,2026-01-25 16:00:00,16,1,320,1.471170255752733,1.471170255752733,0,0.0,0,0
16,2025-12-28 15:00:00,15,1,306,0.22781897346320262,0.22781897346320262,0,0.0,0,0
16,2025-12-29 08:00:00,8,1,359,0.7972764796573647,0.7972764796573647,0,0.0,0,0
16,2026-01-02 22:00:00,22,1,561,1.2667957529232154,1.2667957529232154,0,0.0,0,0
16,2026-01-03 16:00:00,16,1,386,13.545892846906828,13.545892846906828,0,0.0,0,0
16,2026-01-05 17:00:00,17,1,610,1.3008566915317883,1.3008566915317883,0,0.0,0,0
16,2026-01-06 07:00:00,7,1,149,0.9110118675446524,0.9110118675446524,0,0.0,0,0
16,2026-01-07 06:00:00,6,1,182,1.1789426454159926,1.1789426454159926,0,0.0,0,0
16,2026-01-08 05:00:00,5,1,16,0.133348309195979,0.133348309195979,0,0.0,0,0
16,2026-01-09 02:00:00,2,1,121,0.38859757211875157,0.38859757211875157,0,0.0,0,0
16,2026-01-10 15:00:00,15,1,449,1.218247975363163,1.218247975363163,0,0.0,0,0
16,2026-01-11 07:00:00,7,1,49,0.576814400306571,0.576814400306571,0,0.0,0,0
16,2026-01-11 14:00:00,14,1,151,0.8184154735630081,0.8184154735630081,0,0.0,0,0
16,2026-01-17 03:00:00,3,1,77,0.5517223313848477,0.5517223313848477,0,0.0,0,0
16,2026-01-18 07:00:00,7,1,23,0.6086999092149865,0.6086999092149865,0,0.0,0,0
16,2026-01-18 16:00:00,16,1,136,1.0621014163737599,1.0621014163737599,0,0.0,0,0
16,2026-01-21 04:00:00,4,1,164,0.2665164529784061,0.2665164529784061,0,0.0,0,0
16,2026-01-21 14:00:00,14,1,212,1.0431310320957392,1.0431310320957392,0,0.0,0,0
16,2026-01-21 21:00:00,21,1,16,0.7039349098673499,0.7039349098673499,0,0.0,0,0
16,2026-01-21 22:00:00,22,1,389,1.2271754612089543,1.2271754612089543,0,0.0,0,0
16,2026-01-25 23:00:00,23,1,496,0.12109621650301249,0.12109621650301249,0,0.0,0,0
17,2025-12-29 07:00:00,7,1,132,1.4384371672516971,1.4384371672516971,0,0.0,0,0
17,2025-12-30 22:00:00,22,1,360,1.0504450239782486,1.0504450239782486,0,0.0,0,0
17,2026-01-03 05:00:00,5,1,320,1.2324840130412649,1.2324840130412649,0,0.0,0,0
17,2026-01-03 18:00:00,18,1,511,1.3724133442137618,1.3724133442137618,0,0.0,0,0
17,2026-01-05 13:00:00,13,1,578,1.1664565820204997,1.1664565820204997,0,0.0,0,0
17,2026-01-07 04:00:00,4,1,24,0.3559802288603522,0.3559802288603522,0,0.0,0,0
17,2026-01-09 09:00:00,9,1,135,1.1337759206992135,1.1337759206992135,0,0.0,0,0
17,2026-01-16 02:00:00,2,1,157,0.7600215185365727,0.7600215185365727,0,0.0,0,0
17,2026-01-18 10:00:00,10,1,137,1.2195340517538313,1.2195340517538313,0,0.0,0,0
17,2026-01-21 08:00:00,8,1,190,1.0177472580637872,1.0177472580637872,0,0.0,0,0
17,2026-01-23 18:00:00,18,1,80,1.0532226482425557,1.0532226482425557,0,0.0,0,0
17,2026-01-23 19:00:00,19,1,549,0.7128690844153195,0.7128690844153195,0,0.0,0,0
17,2026-01-25 00:00:00,0,1,482,0.8751788907427106,0.8751788907427106,0,0.0,0,0
17,2026-01-25 03:00:00,3,1,16,0.4717876147126475,0.4717876147126475,0,0.0,0,0
17,2026-01-25 04:00:00,4,1,2,0.7116349648413766,0.7116349648413766,0,0.0,0,0
17,2026-01-25 06:00:00,6,1,102,1.0536547130058402,1.0536547130058402,0,0.0,0,0
17,2026-01-26 00:00:00,0,1,192,1.2546091184178894,1.2546091184178894,0,0.0,0,0
17,2026-01-26 01:00:00,1,1,61,6.229373991864854,6.229373991864854,0,0.0,0,0
17,2026-01-26 03:00:00,3,1,3,0.5972093288394497,0.5972093288394497,0,0.0,0,0
18,2025-12-29 12:00:00,12,1,268,1.165259076901617,1.165259076901617,0,0.0,0,0
18,2025-12-29 19:00:00,19,1,49,1.1890822450273684,1.1890822450273684,0,0.0,0,0
18,2025-12-30 11:00:00,11,1,186,1.2899441269903167,1.2899441269903167,0,0.0,0,0
18,2025-12-30 12:00:00,12,1,108,1.39536199956766,1.39536199956766,0,0.0,0,0
18,2026-01-02 20:00:00,20,1,7,0.4777542342582318,0.4777542342582318,0,0.0,0,0
18,2026-01-03 21:00:00,21,1,257,0.26168064635098864,0.26168064635098864,0,0.0,0,0
18,2026-01-04 07:00:00,7,1,139,0.393594184205486,0.393594184205486,0,0.0,0,0
18,2026-01-04 21:00:00,21,1,602,0.9962068741460276,0.9962068741460276,0,0.0,0,0
18,2026-01-05 04:00:00,4,1,521,0.5312957340343527,0.5312957340343527,0,0.0,0,0
18,2026-01-05 23:00:00,23,1,31,9.328867468517608,9.328867468517608,0,0.0,0,0
18,2026-01-06 04:00:00,4,1,646,0.9797615181210101,0.9797615181210101,0,0.0,0,0
18,2026-01-06 05:00:00,5,1,10,0.9142644029549148,0.9142644029549148,0,0.0,0,0
18,2026-01-07 07:00:00,7,1,464,0.36692284949989606,0.36692284949989606,0,0.0,0,0
18,2026-01-08 16:00:00,16,1,280,0.47151063194060094,0.47151063194060094,0,0.0,0,0
18,2026-01-09 20:00:00,20,1,466,0.1060339646516175,0.1060339646516175,0,0.0,0,0
18,2026-01-10 02:00:00,2,1,525,1.0142214303869004,1.0142214303869004,0,0.0,0,0
18,2026-01-10 17:00:00,17,1,6,0.2330816745406132,0.2330816745406132,0,0.0,0,0
18,2026-01-12 23:00:00,23,1,364,1.2579263317477243,1.2579263317477243,0,0.0,0,0
18,2026-01-13 20:00:00,20,1,5,1.1869675757415337,1.1869675757415337,0,0.0,0,0
18,2026-01-14 03:00:00,3,1,34,1.1793261205721743,1.1793261205721743,0,0.0,0,0
18,2026-01-14 20:00:00,20,1,97,1.3826669910432365,1.3826669910432365,0,0.0,0,0
18,2026-01-15 07:00:00,7,1,447,0.35098674338393,0.35098674338393,0,0.0,0,0
18,2026-01-16 02:00:00,2,1,394,0.65254327750942,0.65254327750942,0,0.0,1,0
18,2026-01-17 00:00:00,0,1,792,1.4826653842105508,1.4826653842105508,0,0.0,0,0
18,2026-01-17 11:00:00,11,1,344,0.3404200345363949,0.3404200345363949,0,0.0,0,0
18,2026-01-20 19:00:00,19,1,444,0.7181349127249479,0.7181349127249479,0,0.0,0,0
18,2026-01-21 08:00:00,8,1,292,0.20592213464833695,0.20592213464833695,0,0.0,0,0
18,2026-01-24 12:00:00,12,2,370,0.9772066763778258,1.4645125849741565,0,0.0,0,0
18,2026-01-26 01:00:00,1,1,309,0.9115775401735904,0.9115775401735904,0,0.0,0,0
19,2025-12-29 14:00:00,14,1,86,1.410613501582597,1.410613501582597,0,0.0,0,0
19,2025-12-30 01:00:00,1,1,144,1.0720686942558943,1.0720686942558943,0,0.0,0,0
19,2025-12-30 07:00:00,7,1,550,6.092693580295807,6.092693580295807,0,0.0,0,0
19,2025-12-31 06:00:00,6,1,238,0.3584515399355832,0.3584515399355832,0,0.0,0,0
19,2025-12-31 10:00:00,10,1,93,0.8540202675526751,0.8540202675526751,0,0.0,0,0
19,2025-12-31 20:00:00,20,1,17,6.878284535145939,6.878284535145939,0,0.0,0,0
19,2026-01-02 19:00:00,19,1,472,1.2469724837193654,1.2469724837193654,0,0.0,0,0
19,2026-01-03 15:00:00,15,1,69,0.696944990382566,0.696944990382566,0,0.0,0,0
19,2026-01-05 11:00:00,11,1,173,0.9610758907397373,0.9610758907397373,0,0.0,0,0
19,2026-01-06 10:00:00,10,1,6,1.220993188674902,1.220993188674902,0,0.0,0,0
19,2026-01-08 13:00:00,13,1,175,0.9071292578061549,0.9071292578061549,0,0.0,0,0
19,2026-01-08 17:00:00,17,1,48,0.6558570751851301,0.6558570751851301,0,0.0,0,0
19,2026-01-09 13:00:00,13,1,161,0.502209320097236,0.502209320097236,0,0.0,0,0
19,2026-01-09 21:00:00,21,1,178,14.07543435665555,14.07543435665555,0,0.0,0,0
19,2026-01-10 07:00:00,7,1,321,9.215396641940607,9.215396641940607,0,0.0,0,0
19,2026-01-12 06:00:00,6,1,222,1.4998444064470473,1.4998444064470473,0,0.0,0,0
19,2026-01-12 15:00:00,15,1,537,1.4254563417048587,1.4254563417048587,0,0.0,0,0
19,2026-01-13 03:00:00,3,1,211,0.4802272347962885,0.4802272347962885,0,0.0,0,0
19,2026-01-13 15:00:00,15,1,557,1.3556244051688844,1.3556244051688844,0,0.0,0,0
19,2026-01-13 21:00:00,21,1,193,0.6919461058604632,0.6919461058604632,0,0.0,0,0
19,2026-01-14 07:00:00,7,1,268,1.4566748256545534,1.4566748256545534,0,0.0,0,0
19,2026-01-15 06:00:00,6,1,127,1.2295992891457734,1.2295992891457734,0,0.0,0,0
19,2026-01-15 08:00:00,8,1,422,1.2152270832183854,1.2152270832183854,0,0.0,0,0
19,2026-01-16 16:00:00,16,1,77,0.39818583341708147,0.39818583341708147,0,0.0,0,0
19,2026-01-20 05:00:00,5,1,180,0.8674101072061564,0.8674101072061564,0,0.0,0,0
19,2026-01-21 22:00:00,22,1,705,1.4127519997810611,1.4127519997810611,0,0.0,0,0
19,2026-01-24 14:00:00,14,1,41,0.6940018334707635,0.6940018334707635,0,0.0,0,0
19,2026-01-25 04:00:00,4,1,62,0.5744517719872128,0.5744517719872128,0,0.0,0,0
19,2026-01-25 05:00:00,5,1,455,0.27572693331792264,0.27572693331792264,0,0.0,0,0
20,2025-12-27 17:00:00,17,1,13,0.8215481769778938,0.8215481769778938,0,0.0,0,0
20,2025-12-28 07:00:00,7,1,258,0.971373489917931,0.971373489917931,0,0.0,0,0
20,2025-12-28 08:00:00,8,1,709,1.3186033099073142,1.3186033099073142,0,0.0,0,0
20,2025-12-29 23:00:00,23,1,120,9.570842194100528,9.570842194100528,0,0.0,0,0
20,2026-01-01 09:00:00,9,1,470,0.24891216802802152,0.24891216802802152,0,0.0,1,0
20,2026-01-02 22:00:00,22,1,529,1.365128799993922,1.365128799993922,0,0.0,0,0
20,2026-01-03 06:00:00,6,1,315,1.2077474433045199,1.2077474433045199,0,0.0,1,0
20,2026-01-03 20:00:00,20,1,11,8.404292157982933,8.404292157982933,0,0.0,0,0
20,2026-01-06 05:00:00,5,1,374,0.5752335696107335,0.5752335696107335,0,0.0,0,0
20,2026-01-07 19:00:00,19,1,60,0.7170482596361759,0.7170482596361759,0,0.0,0,0
20,2026-01-08 12:00:00,12,1,152,0.5616102998628415,0.5616102998628415,0,0.0,0,0
20,2026-01-08 22:00:00,22,1,74,0.9986408528528449,0.9986408528528449,0,0.0,0,0
20,2026-01-09 00:00:00,0,1,121,0.855325121090427,0.855325121090427,0,0.0,0,0
20,2026-01-10 02:00:00,2,1,46,0.8520434102999653,0.8520434102999653,0,0.0,0,0
20,2026-01-10 20:00:00,20,1,34,0.5720508517904049,0.5720508517904049,0,0.0,0,0
20,2026-01-14 13:00:00,13,2,441,0.646628289059021,1.064955824488145,0,0.0,0,0
20,2026-01-15 23:00:00,23,1,214,1.4401154580330027,1.4401154580330027,0,0.0,0,0
20,2026-01-17 04:00:00,4,2,212,0.9987191333805472,1.397905650568091,0,0.0,0,0
20,2026-01-17 06:00:00,6,1,496,0.9864877762754939,0.9864877762754939,0,0.0,0,0
20,2026-01-18 22:00:00,22,1,162,1.269930809760254,1.269930809760254,0,0.0,0,0
20,2026-01-19 02:00:00,2,1,766,1.2559934434530204,1.2559934434530204,0,0.0,0,0
20,2026-01-19 15:00:00,15,1,126,1.1274166493271056,1.1274166493271056,0,0.0,0,0
20,2026-01-20 03:00:00,3,1,77,0.5124445395452689,0.5124445395452689,0,0.0,0,0
20,2026-01-21 22:00:00,22,1,284,0.8706756169684289,0.8706756169684289,0,0.0,0,0
20,2026-01-23 15:00:00,15,1,56,6.174950453226673,6.174950453226673,0,0.0,0,0
20,2026-01-24 12:00:00,12,1,16,0.9503976700375433,0.9503976700375433,0,0.0,0,0
21,2025-12-29 02:00:00,2,40,1200000,2500.0,2500.0,40,1.0,1,2
